timestamp,count
2025-07-01T04:13:50.488549+00:00,520
2025-07-01T04:21:56.839573+00:00,520
2025-07-01T05:17:02.374194+00:00,564
2025-07-01T06:18:24.302613+00:00,564
2025-07-01T07:13:49.397359+00:00,564
2025-07-01T08:17:07.149027+00:00,564
2025-07-01T09:14:51.917852+00:00,564
2025-07-01T10:13:31.358266+00:00,564
2025-07-01T11:10:36.262187+00:00,564
2025-07-01T12:23:30.687807+00:00,578
2025-07-01T13:27:47.483001+00:00,578
2025-07-01T14:11:39.474034+00:00,578
2025-07-01T15:12:58.902958+00:00,667
2025-07-01T16:15:20.105740+00:00,775
2025-07-01T17:11:20.998165+00:00,775
2025-07-01T18:16:07.446259+00:00,858
2025-07-01T19:09:23.427558+00:00,858
2025-07-01T20:13:11.020852+00:00,858
2025-07-01T20:38:16.936003+00:00,939
2025-07-01T21:32:58.484820+00:00,939
2025-07-01T22:38:41.993899+00:00,1030
2025-07-01T23:32:48.183042+00:00,1030
2025-07-02T02:22:54.133446+00:00,1231
2025-07-02T04:00:30.605113+00:00,1231
2025-07-02T04:46:03.854912+00:00,1250
2025-07-02T05:41:35.247518+00:00,1250
2025-07-02T06:47:14.841115+00:00,1250
2025-07-02T07:33:33.722683+00:00,1250
2025-07-02T13:16:34.373040+00:00,1253
2025-07-02T13:45:31.778214+00:00,1253
2025-07-02T14:40:20.817705+00:00,1254
2025-07-02T15:38:19.725019+00:00,1254
2025-07-02T16:44:51.670827+00:00,1254
2025-07-02T17:37:14.026797+00:00,1254
2025-07-02T18:45:32.237675+00:00,1255
2025-07-02T19:29:15.620874+00:00,1255
2025-07-02T20:34:48.957735+00:00,1255
2025-07-02T21:32:52.493476+00:00,1255
2025-07-02T22:37:48.266533+00:00,1256
2025-07-02T23:33:50.574185+00:00,1256
2025-07-03T02:23:50.892244+00:00,1546
2025-07-03T04:02:40.830628+00:00,1546
2025-07-03T04:48:55.559936+00:00,1546
2025-07-03T05:42:14.278428+00:00,1546
2025-07-03T06:47:38.057468+00:00,1546
2025-07-03T07:33:31.488269+00:00,1546
2025-07-03T08:43:41.647645+00:00,1546
2025-07-03T09:39:22.118117+00:00,1546
2025-07-03T10:42:21.987596+00:00,1546
2025-07-03T11:31:31.117466+00:00,1546
2025-07-03T13:00:59.850883+00:00,1546
2025-07-03T13:44:40.124633+00:00,1546
2025-07-03T14:40:12.108232+00:00,1547
2025-07-03T15:37:22.091989+00:00,1547
2025-07-03T16:45:03.825315+00:00,1547
2025-07-03T17:37:06.620754+00:00,1547
2025-07-03T18:45:15.847241+00:00,1548
2025-07-03T19:29:02.699285+00:00,1548
2025-07-03T20:35:59.818018+00:00,1548
2025-07-03T21:32:29.771459+00:00,1548
2025-07-03T22:37:37.234768+00:00,1548
2025-07-03T23:33:17.841335+00:00,1548
2025-07-04T02:22:34.372803+00:00,1552
2025-07-04T03:59:34.421651+00:00,1552
2025-07-04T04:47:21.385550+00:00,1552
2025-07-04T05:41:29.258770+00:00,1552
2025-07-04T06:48:04.657315+00:00,1552
2025-07-04T07:35:37.599700+00:00,1552
2025-07-04T08:43:41.676201+00:00,1552
2025-07-04T09:37:18.361398+00:00,1552
2025-07-04T10:41:28.771774+00:00,1552
2025-07-04T11:31:11.784571+00:00,1552
2025-07-04T13:01:15.162209+00:00,1552
2025-07-04T13:43:45.602950+00:00,1552
2025-07-04T14:38:50.131632+00:00,1552
2025-07-04T15:35:06.087532+00:00,1552
2025-07-04T16:43:01.843914+00:00,1552
2025-07-04T17:34:11.087464+00:00,1552
2025-07-04T18:43:57.724478+00:00,1552
2025-07-04T19:29:08.360622+00:00,1552
2025-07-04T20:35:09.124782+00:00,1552
2025-07-04T21:32:08.640651+00:00,1552
2025-07-04T22:37:49.893511+00:00,1552
2025-07-04T23:32:01.661510+00:00,1552
2025-07-05T02:18:30.342117+00:00,1552
2025-07-05T03:29:24.848995+00:00,1552
2025-07-05T04:43:50.541472+00:00,1552
2025-07-05T05:36:49.821202+00:00,1552
2025-07-05T06:43:58.444645+00:00,1552
2025-07-05T07:31:24.000034+00:00,1552
2025-07-05T08:40:47.381369+00:00,1552
2025-07-05T09:32:54.556871+00:00,1552
2025-07-05T10:38:34.275001+00:00,1552
2025-07-05T11:29:10.551243+00:00,1552
2025-07-05T12:57:42.834383+00:00,1552
2025-07-05T13:39:38.098409+00:00,1552
2025-07-05T14:36:45.119529+00:00,1552
2025-07-05T15:32:50.688064+00:00,1552
2025-07-05T16:41:50.836968+00:00,1552
2025-07-05T17:33:38.312910+00:00,1552
2025-07-05T18:41:35.617357+00:00,1552
2025-07-05T19:27:53.467034+00:00,1552
2025-07-05T20:33:40.806782+00:00,1552
2025-07-05T21:31:58.298183+00:00,1552
2025-07-05T22:35:35.678748+00:00,1552
2025-07-05T23:32:35.821442+00:00,1552
2025-07-06T02:32:51.370871+00:00,1552
2025-07-06T04:04:29.509672+00:00,1552
2025-07-06T04:47:36.909329+00:00,1552
2025-07-06T05:37:28.143538+00:00,1552
2025-07-06T06:44:41.073077+00:00,1552
2025-07-06T07:31:05.395474+00:00,1552
2025-07-06T08:39:49.530514+00:00,1552
2025-07-06T09:32:37.710315+00:00,1552
2025-07-06T10:39:09.121064+00:00,1552
2025-07-06T11:30:06.024368+00:00,1552
2025-07-06T12:58:02.165768+00:00,1552
2025-07-06T13:40:09.912345+00:00,1552
2025-07-06T14:35:11.464538+00:00,1552
2025-07-06T15:33:07.072792+00:00,1552
2025-07-06T16:41:13.124249+00:00,1552
2025-07-06T17:33:48.524668+00:00,1552
2025-07-06T18:42:40.919057+00:00,1552
2025-07-06T19:28:38.005008+00:00,1552
2025-07-06T20:35:04.751137+00:00,1552
2025-07-06T21:31:49.857173+00:00,1552
2025-07-06T22:38:17.216280+00:00,1552
2025-07-06T23:32:54.498938+00:00,1552
2025-07-07T02:29:23.943117+00:00,1552
2025-07-07T04:04:16.780804+00:00,1552
2025-07-07T04:49:34.575888+00:00,1553
2025-07-07T05:41:32.393200+00:00,1553
2025-07-07T06:48:40.172697+00:00,1553
2025-07-07T07:34:59.086602+00:00,1553
2025-07-07T08:45:38.489960+00:00,1553
2025-07-07T09:40:00.919702+00:00,1553
2025-07-07T10:42:57.806908+00:00,1553
2025-07-07T11:31:31.503627+00:00,1553
2025-07-07T13:03:24.662173+00:00,1553
2025-07-07T13:46:34.802288+00:00,1553
2025-07-07T14:40:37.651941+00:00,1553
2025-07-07T15:36:35.127632+00:00,1553
2025-07-07T16:44:45.488271+00:00,1553
2025-07-07T17:38:59.684139+00:00,1553
2025-07-07T18:45:48.731864+00:00,1553
2025-07-07T19:30:53.046813+00:00,1553
2025-07-07T20:38:08.628422+00:00,1553
2025-07-07T21:31:38.041675+00:00,1553
2025-07-07T22:37:29.871186+00:00,1553
2025-07-07T23:32:47.518630+00:00,1553
2025-07-08T02:24:16.531136+00:00,1553
2025-07-08T04:00:49.970012+00:00,1553
2025-07-08T04:45:48.371141+00:00,1553
2025-07-08T05:40:32.165888+00:00,1553
2025-07-08T06:47:48.273922+00:00,1553
2025-07-08T07:34:10.163537+00:00,1553
2025-07-08T08:45:02.731297+00:00,1553
2025-07-08T09:39:11.672917+00:00,1553
2025-07-08T10:41:52.365955+00:00,1553
2025-07-08T11:32:00.995725+00:00,1553
2025-07-08T13:03:08.797285+00:00,1553
2025-07-08T13:49:06.788225+00:00,1553
2025-07-08T14:40:15.427556+00:00,1553
2025-07-08T15:37:57.271388+00:00,1553
2025-07-08T16:44:40.964068+00:00,1553
2025-07-08T17:38:33.377604+00:00,1553
2025-07-08T18:46:35.282672+00:00,1553
2025-07-08T20:37:49.397849+00:00,1553
2025-07-08T21:33:01.404320+00:00,1553
2025-07-08T22:39:07.604633+00:00,1554
2025-07-08T23:33:18.278690+00:00,1554
2025-07-09T02:25:33.165936+00:00,1554
2025-07-09T04:03:19.504859+00:00,1554
2025-07-09T04:50:10.245570+00:00,1554
2025-07-09T05:43:10.598724+00:00,1554
2025-07-09T06:47:57.333410+00:00,1554
2025-07-09T07:35:00.361803+00:00,1554
2025-07-09T08:44:42.280711+00:00,1554
2025-07-09T09:39:50.680097+00:00,1554
2025-07-09T10:42:41.983422+00:00,1554
2025-07-09T11:32:33.305054+00:00,1554
2025-07-09T13:03:40.203665+00:00,1555
2025-07-09T13:47:29.464324+00:00,1555
2025-07-09T14:40:49.330283+00:00,1555
2025-07-09T15:39:13.009097+00:00,1555
2025-07-09T16:45:42.904777+00:00,1555
2025-07-09T17:38:25.067548+00:00,1555
2025-07-09T18:46:50.914045+00:00,1555
2025-07-09T19:30:20.161740+00:00,1555
2025-07-09T20:37:51.673000+00:00,1555
2025-07-09T21:33:07.880244+00:00,1555
2025-07-09T22:39:02.828291+00:00,1555
2025-07-09T23:33:27.791851+00:00,1555
2025-07-10T02:25:45.267000+00:00,1555
2025-07-10T04:03:03.366190+00:00,1555
2025-07-10T04:48:04.536739+00:00,1555
2025-07-10T05:41:42.259911+00:00,1555
2025-07-10T06:48:04.287453+00:00,1555
2025-07-10T07:34:31.429646+00:00,1555
2025-07-10T08:44:49.047986+00:00,1555
2025-07-10T09:39:31.077500+00:00,1555
2025-07-10T10:42:42.342254+00:00,1555
2025-07-10T11:32:06.458371+00:00,1555
2025-07-10T13:04:06.405076+00:00,1555
2025-07-10T13:48:09.290941+00:00,1555
2025-07-10T14:42:36.069897+00:00,1555
2025-07-10T15:40:30.497203+00:00,1555
2025-07-10T16:46:16.070061+00:00,1555
2025-07-10T17:38:40.881934+00:00,1555
2025-07-10T18:46:08.303547+00:00,1555
2025-07-10T19:29:46.746515+00:00,1555
2025-07-10T20:38:19.331553+00:00,1555
2025-07-10T21:34:48.174733+00:00,1555
2025-07-10T22:39:12.929372+00:00,1555
2025-07-10T23:33:07.837500+00:00,1555
2025-07-11T02:29:13.860217+00:00,1555
2025-07-11T04:07:34.371003+00:00,1555
2025-07-11T04:51:38.081254+00:00,1555
2025-07-11T05:42:23.777394+00:00,1555
2025-07-11T06:47:56.861759+00:00,1555
2025-07-11T07:36:23.748606+00:00,1555
2025-07-11T08:44:24.632007+00:00,1555
2025-07-11T09:38:30.932918+00:00,1555
2025-07-11T10:42:11.700518+00:00,1555
2025-07-11T11:32:03.896291+00:00,1555
2025-07-11T13:02:44.423080+00:00,1555
2025-07-11T13:45:34.221934+00:00,1555
2025-07-11T14:40:39.789633+00:00,1555
2025-07-11T15:37:53.364506+00:00,1555
2025-07-11T16:44:38.924125+00:00,1555
2025-07-11T17:37:44.797140+00:00,1555
2025-07-11T18:45:37.875450+00:00,1555
2025-07-11T19:31:34.027752+00:00,1555
2025-07-11T20:37:40.714334+00:00,1555
2025-07-11T21:33:17.611432+00:00,1555
2025-07-11T22:39:35.529704+00:00,1555
2025-07-11T23:33:12.769346+00:00,1555
2025-07-12T02:28:58.322658+00:00,1555
2025-07-12T04:02:52.988668+00:00,1555
2025-07-12T04:46:22.876829+00:00,1555
2025-07-12T05:39:34.025087+00:00,1555
2025-07-12T06:45:49.720862+00:00,1555
2025-07-12T07:32:27.176201+00:00,1555
2025-07-12T08:41:07.175829+00:00,1555
2025-07-12T09:33:36.311853+00:00,1555
2025-07-12T10:39:43.891468+00:00,1555
2025-07-12T11:30:30.188179+00:00,1555
2025-07-12T12:58:56.818745+00:00,1555
2025-07-12T13:40:47.564018+00:00,1555
2025-07-12T14:36:22.610777+00:00,1555
2025-07-12T15:34:36.559145+00:00,1555
2025-07-12T16:41:52.863787+00:00,1555
2025-07-12T17:33:41.833382+00:00,1555
2025-07-12T18:44:06.152437+00:00,1555
2025-07-12T19:28:42.834675+00:00,1555
2025-07-12T20:35:25.431468+00:00,1555
2025-07-12T21:31:59.112823+00:00,1555
2025-07-12T22:37:57.156365+00:00,1555
2025-07-12T23:35:12.453509+00:00,1555
2025-07-13T02:37:50.936899+00:00,1555
2025-07-13T04:08:56.914473+00:00,1555
2025-07-13T04:51:05.277593+00:00,1555
2025-07-13T05:40:10.254006+00:00,1555
2025-07-13T06:46:14.610020+00:00,1555
2025-07-13T07:34:30.801455+00:00,1555
2025-07-13T08:40:42.779143+00:00,1555
2025-07-13T09:36:18.375381+00:00,1555
2025-07-13T10:41:28.364058+00:00,1555
2025-07-13T11:30:57.232549+00:00,1555
2025-07-13T12:59:35.520025+00:00,1555
2025-07-13T13:41:23.867724+00:00,1555
2025-07-13T14:35:55.136815+00:00,1555
2025-07-13T15:33:51.805794+00:00,1555
2025-07-13T16:41:52.868862+00:00,1555
2025-07-13T17:33:54.762334+00:00,1555
2025-07-13T18:43:30.339948+00:00,1555
2025-07-13T19:29:22.708036+00:00,1555
2025-07-13T20:35:00.914449+00:00,1555
2025-07-13T21:32:06.338285+00:00,1555
2025-07-13T22:38:49.993890+00:00,1555
2025-07-13T23:34:12.440076+00:00,1555
2025-07-14T02:33:51.116674+00:00,1555
2025-07-14T04:11:42.429076+00:00,1555
2025-07-14T04:55:10.783110+00:00,1555
2025-07-14T05:44:36.591646+00:00,1555
2025-07-14T06:50:30.082885+00:00,1555
2025-07-14T07:39:31.294073+00:00,1555
2025-07-14T08:48:49.986275+00:00,1555
2025-07-14T09:44:22.615704+00:00,1555
2025-07-14T10:44:01.913560+00:00,1555
2025-07-14T11:32:25.908733+00:00,1555
2025-07-14T13:05:10.906636+00:00,1555
2025-07-14T13:49:53.737688+00:00,1555
2025-07-14T14:42:12.150744+00:00,1555
2025-07-14T15:39:40.891652+00:00,1555
2025-07-14T16:45:49.860253+00:00,1555
2025-07-14T17:40:27.533032+00:00,1555
2025-07-14T19:31:16.133096+00:00,1555
2025-07-14T20:39:13.714849+00:00,1555
2025-07-14T21:33:23.152890+00:00,1555
2025-07-14T22:41:05.256102+00:00,1555
2025-07-14T23:33:13.656697+00:00,1555
2025-07-15T02:32:39.832007+00:00,1556
2025-07-15T04:08:52.693773+00:00,1556
2025-07-15T04:53:50.448840+00:00,1556
2025-07-15T05:43:41.155381+00:00,1556
2025-07-15T06:49:31.958122+00:00,1556
2025-07-15T07:38:42.174825+00:00,1556
2025-07-15T08:46:05.220273+00:00,1556
2025-07-15T09:44:22.494860+00:00,1556
2025-07-15T10:43:31.624562+00:00,1556
2025-07-15T11:32:28.374716+00:00,1556
2025-07-15T13:05:43.377463+00:00,1556
2025-07-15T13:50:31.780357+00:00,1556
2025-07-15T14:41:20.174467+00:00,1556
2025-07-15T15:39:15.201964+00:00,1556
2025-07-15T16:46:12.423602+00:00,1556
2025-07-15T17:39:12.352859+00:00,1556
2025-07-15T18:48:30.394030+00:00,1556
2025-07-15T19:32:29.389374+00:00,1556
2025-07-15T20:39:51.017867+00:00,1556
2025-07-15T21:34:23.761812+00:00,1556
2025-07-15T22:40:46.041862+00:00,1556
2025-07-15T23:33:45.459288+00:00,1556
2025-07-16T02:29:30.490762+00:00,1556
2025-07-16T04:07:50.165891+00:00,1556
2025-07-16T04:53:24.317314+00:00,1556
2025-07-16T05:44:40.516227+00:00,1556
2025-07-16T06:49:27.267358+00:00,1556
2025-07-16T07:37:43.978623+00:00,1556
2025-07-16T08:46:07.840973+00:00,1556
2025-07-16T09:42:33.997448+00:00,1556
2025-07-16T10:43:46.896947+00:00,1556
2025-07-16T11:32:41.247201+00:00,1556
2025-07-16T13:06:18.829978+00:00,1556
2025-07-16T13:51:00.297415+00:00,1556
2025-07-16T14:41:25.549230+00:00,1556
2025-07-16T15:40:08.214551+00:00,1556
2025-07-16T16:46:40.831876+00:00,1556
2025-07-16T17:41:13.441659+00:00,1556
2025-07-16T18:48:15.284256+00:00,1556
2025-07-16T19:31:23.531243+00:00,1556
2025-07-16T20:39:52.301986+00:00,1556
2025-07-16T21:35:17.035790+00:00,1556
2025-07-16T22:41:21.242966+00:00,1556
2025-07-16T23:34:48.499051+00:00,1556
2025-07-17T02:30:18.542991+00:00,1556
2025-07-17T04:07:31.057834+00:00,1556
2025-07-17T04:53:07.238151+00:00,1556
2025-07-17T05:44:09.267020+00:00,1556
2025-07-17T06:49:32.045036+00:00,1556
2025-07-17T07:37:07.066614+00:00,1556
2025-07-17T08:45:57.210953+00:00,1556
2025-07-17T09:41:20.340056+00:00,1556
2025-07-17T10:43:39.907423+00:00,1556
2025-07-17T11:33:19.881882+00:00,1556
2025-07-17T13:06:00.273928+00:00,1556
2025-07-17T13:50:48.022393+00:00,1556
2025-07-17T14:41:39.790291+00:00,1556
2025-07-17T15:40:22.409175+00:00,1556
2025-07-17T16:46:35.600783+00:00,1556
2025-07-17T17:39:27.033974+00:00,1556
2025-07-17T18:48:40.484309+00:00,1556
2025-07-17T19:31:23.712913+00:00,1556
2025-07-17T20:39:33.054621+00:00,1556
2025-07-17T21:34:28.443606+00:00,1556
2025-07-17T22:40:45.761708+00:00,1556
2025-07-17T23:35:00.882692+00:00,1556
2025-07-18T04:09:09.003765+00:00,1556
2025-07-18T04:55:29.552745+00:00,1556
2025-07-18T05:45:41.788144+00:00,1556
2025-07-18T06:51:38.901182+00:00,1556
2025-07-18T07:38:08.976948+00:00,1556
2025-07-18T08:46:24.187912+00:00,1556
2025-07-18T09:41:24.853842+00:00,1556
2025-07-18T10:44:33.899098+00:00,1556
2025-07-18T11:32:27.294641+00:00,1556
2025-07-18T13:06:20.239711+00:00,1556
2025-07-18T13:50:56.468977+00:00,1556
2025-07-18T14:41:23.528840+00:00,1556
2025-07-18T15:39:02.188216+00:00,1556
2025-07-18T16:46:30.698888+00:00,1556
2025-07-18T17:40:27.508648+00:00,1556
2025-07-18T18:47:36.446706+00:00,1556
2025-07-18T19:30:43.120255+00:00,1556
2025-07-18T20:38:42.004619+00:00,1556
2025-07-18T21:34:38.215577+00:00,1556
2025-07-18T22:40:16.223356+00:00,1556
2025-07-18T23:33:51.004213+00:00,1556
2025-07-19T02:25:14.876661+00:00,1556
2025-07-19T04:02:42.543213+00:00,1556
2025-07-19T04:46:34.774903+00:00,1556
2025-07-19T05:40:42.615033+00:00,1556
2025-07-19T06:46:33.272016+00:00,1556
2025-07-19T07:32:31.319824+00:00,1556
2025-07-19T08:42:30.179775+00:00,1556
2025-07-19T09:34:52.751510+00:00,1556
2025-07-19T10:41:20.310809+00:00,1556
2025-07-19T11:30:40.173516+00:00,1556
2025-07-19T13:00:28.800541+00:00,1556
2025-07-19T13:42:36.421045+00:00,1556
2025-07-19T14:37:18.184133+00:00,1556
2025-07-19T15:35:11.301215+00:00,1556
2025-07-19T16:43:46.492816+00:00,1556
2025-07-19T17:37:47.511019+00:00,1556
2025-07-19T18:44:56.078511+00:00,1556
2025-07-19T19:28:56.630282+00:00,1556
2025-07-19T20:36:44.322890+00:00,1556
2025-07-19T21:32:57.748688+00:00,1556
2025-07-19T22:39:15.579330+00:00,1556
2025-07-19T23:38:18.070083+00:00,1556
2025-07-20T02:40:44.161938+00:00,1556
2025-07-20T04:55:44.811056+00:00,1556
2025-07-20T05:43:30.358645+00:00,1556
2025-07-20T06:46:20.663689+00:00,1556
2025-07-20T07:32:11.354455+00:00,1556
2025-07-20T08:41:51.799364+00:00,1556
2025-07-20T09:35:14.444058+00:00,1556
2025-07-20T10:42:11.245657+00:00,1556
2025-07-20T11:30:45.198361+00:00,1556
2025-07-20T13:01:33.220677+00:00,1556
2025-07-20T13:44:06.150953+00:00,1556
2025-07-20T14:37:28.218572+00:00,1556
2025-07-20T15:35:17.746875+00:00,1556
2025-07-20T16:42:38.528647+00:00,1556
2025-07-20T17:36:08.935137+00:00,1556
2025-07-20T18:44:52.975707+00:00,1556
2025-07-20T19:29:05.980884+00:00,1556
2025-07-20T20:37:34.267168+00:00,1556
2025-07-20T21:33:01.250800+00:00,1556
2025-07-20T22:39:36.801759+00:00,1556
2025-07-20T23:35:00.266442+00:00,1556
2025-07-21T04:13:45.320706+00:00,1556
2025-07-21T05:45:57.378595+00:00,1556
2025-07-21T06:50:35.742997+00:00,1556
2025-07-21T07:43:24.379042+00:00,1556
2025-07-21T08:49:29.120851+00:00,1556
2025-07-21T09:45:11.224975+00:00,1556
2025-07-21T10:45:08.891909+00:00,1556
2025-07-21T11:33:05.354795+00:00,1556
2025-07-21T13:07:11.655711+00:00,1556
2025-07-21T13:51:58.837876+00:00,1556
2025-07-21T14:44:00.825178+00:00,1556
2025-07-21T15:40:43.430925+00:00,1556
2025-07-21T16:47:14.637777+00:00,1556
2025-07-21T17:41:17.960210+00:00,1556
2025-07-21T18:48:40.750884+00:00,1556
2025-07-21T19:32:01.248498+00:00,1556
2025-07-21T20:40:15.299754+00:00,1556
2025-07-21T21:35:03.439564+00:00,1556
2025-07-21T22:40:40.568853+00:00,1556
2025-07-21T23:34:47.952632+00:00,1556
2025-07-22T02:31:16.185689+00:00,1556
2025-07-22T04:08:59.379327+00:00,1556
2025-07-22T05:44:28.311234+00:00,1556
2025-07-22T06:50:04.167859+00:00,1556
2025-07-22T07:38:56.656295+00:00,1556
2025-07-22T08:46:34.663651+00:00,1556
2025-07-22T09:42:35.542914+00:00,1556
2025-07-22T10:44:13.245427+00:00,1556
2025-07-22T11:32:36.864298+00:00,1556
2025-07-22T13:06:55.006798+00:00,1556
2025-07-22T13:51:38.933201+00:00,1556
2025-07-22T14:41:50.880163+00:00,1556
2025-07-22T15:40:36.744755+00:00,1556
2025-07-22T16:47:06.850173+00:00,1556
2025-07-22T17:40:47.323341+00:00,1556
2025-07-22T18:49:10.109967+00:00,1556
2025-07-22T19:31:22.979771+00:00,1556
2025-07-22T20:40:04.111423+00:00,1556
2025-07-22T21:35:31.899113+00:00,1556
2025-07-22T22:39:24.711425+00:00,1556
2025-07-22T23:35:19.041745+00:00,1556
2025-07-23T02:32:18.121173+00:00,1556
2025-07-23T04:10:27.467089+00:00,1556
2025-07-23T04:55:41.897668+00:00,1556
2025-07-23T05:47:03.746510+00:00,1556
2025-07-23T06:50:39.036388+00:00,1556
2025-07-23T07:40:12.525507+00:00,1556
2025-07-23T08:46:54.919327+00:00,1556
2025-07-23T09:43:56.558257+00:00,1556
2025-07-23T10:44:31.006648+00:00,1556
2025-07-23T11:33:18.360063+00:00,1556
2025-07-23T13:07:40.249093+00:00,1556
2025-07-23T13:50:47.126406+00:00,1556
2025-07-23T14:43:44.248262+00:00,1556
2025-07-23T15:41:51.834871+00:00,1556
2025-07-23T16:47:40.043066+00:00,1556
2025-07-23T17:41:17.300037+00:00,1556
2025-07-23T18:48:37.233213+00:00,1556
2025-07-23T19:31:51.283427+00:00,1556
2025-07-23T20:40:24.992848+00:00,1556
2025-07-23T21:35:50.360316+00:00,1556
2025-07-23T22:40:43.717168+00:00,1556
2025-07-23T23:35:31.528791+00:00,1556
2025-07-24T02:31:46.862732+00:00,1556
2025-07-24T04:09:26.978980+00:00,1556
2025-07-24T04:54:42.233684+00:00,1556
2025-07-24T05:44:47.241959+00:00,1556
2025-07-24T06:50:25.351444+00:00,1556
2025-07-24T07:39:34.291339+00:00,1556
2025-07-24T08:46:32.558688+00:00,1556
2025-07-24T09:42:17.259245+00:00,1556
2025-07-24T10:44:01.686683+00:00,1556
2025-07-24T11:33:02.261454+00:00,1556
2025-07-24T13:06:49.478236+00:00,1556
2025-07-24T13:51:42.194418+00:00,1556
2025-07-24T14:43:46.748945+00:00,1556
2025-07-24T15:37:53.836473+00:00,1556
2025-07-24T16:44:48.073912+00:00,1556
2025-07-24T17:40:16.270367+00:00,1556
2025-07-24T18:48:11.792312+00:00,1556
2025-07-24T19:31:47.062778+00:00,1556
2025-07-24T20:38:56.420327+00:00,1556
2025-07-24T21:35:13.890284+00:00,1556
2025-07-24T22:40:44.840938+00:00,1556
2025-07-24T23:35:27.254664+00:00,1556
2025-07-25T02:31:17.005906+00:00,1556
2025-07-25T04:09:03.775351+00:00,1556
2025-07-25T04:55:26.839144+00:00,1556
2025-07-25T05:46:47.481986+00:00,1556
2025-07-25T06:51:06.893906+00:00,1556
2025-07-25T07:38:35.081874+00:00,1556
2025-07-25T08:45:12.972199+00:00,1556
2025-07-25T09:42:32.810805+00:00,1556
2025-07-25T10:44:19.137654+00:00,1556
2025-07-25T11:32:50.364458+00:00,1556
2025-07-25T13:05:33.852250+00:00,1556
2025-07-25T13:49:54.870117+00:00,1556
2025-07-25T14:41:16.618508+00:00,1556
2025-07-25T15:39:44.565519+00:00,1556
2025-07-25T16:45:39.091611+00:00,1556
2025-07-25T17:40:43.990035+00:00,1556
2025-07-25T18:48:13.781239+00:00,1556
2025-07-25T19:31:28.335910+00:00,1556
2025-07-25T20:39:29.706223+00:00,1556
2025-07-25T21:34:35.549151+00:00,1556
2025-07-25T22:40:16.409550+00:00,1556
2025-07-25T23:34:25.730166+00:00,1556
2025-07-26T02:26:58.220712+00:00,1556
2025-07-26T04:07:04.172789+00:00,1556
2025-07-26T04:51:41.290071+00:00,1556
2025-07-26T05:42:04.102685+00:00,1556
2025-07-26T06:47:53.433931+00:00,1556
2025-07-26T07:33:18.669150+00:00,1556
2025-07-26T08:42:28.721742+00:00,1556
2025-07-26T09:35:32.272333+00:00,1556
2025-07-26T10:41:01.403087+00:00,1556
2025-07-26T11:31:15.536761+00:00,1556
2025-07-26T13:01:17.355751+00:00,1556
2025-07-26T13:44:44.240318+00:00,1556
2025-07-26T14:38:09.450849+00:00,1556
2025-07-26T15:38:40.331786+00:00,1556
2025-07-26T17:38:31.766903+00:00,1556
2025-07-26T18:45:35.820651+00:00,1556
2025-07-26T19:29:34.461017+00:00,1556
2025-07-26T20:36:39.259973+00:00,1556
2025-07-26T21:33:04.959897+00:00,1556
2025-07-26T22:39:24.684147+00:00,1556
2025-07-26T23:34:00.467737+00:00,1556
2025-07-27T02:41:55.196055+00:00,1556
2025-07-27T04:15:10.120937+00:00,1556
2025-07-27T04:56:33.536060+00:00,1556
2025-07-27T05:44:18.849504+00:00,1556
2025-07-27T06:48:03.652953+00:00,1556
2025-07-27T07:33:14.494232+00:00,1556
2025-07-27T08:42:44.788363+00:00,1556
2025-07-27T09:36:45.237847+00:00,1556
2025-07-27T10:41:28.961104+00:00,1556
2025-07-27T11:30:54.237530+00:00,1556
2025-07-27T13:02:05.448296+00:00,1556
2025-07-27T13:43:53.286582+00:00,1556
2025-07-27T14:37:52.389734+00:00,1556
2025-07-27T15:35:51.443828+00:00,1556
2025-07-27T16:43:23.136611+00:00,1556
2025-07-27T17:38:30.209005+00:00,1556
2025-07-27T18:46:10.297330+00:00,1556
2025-07-27T19:30:44.514433+00:00,1556
2025-07-27T20:37:55.959620+00:00,1556
2025-07-27T21:33:20.749654+00:00,1556
2025-07-27T22:40:44.524696+00:00,1556
2025-07-27T23:35:48.522236+00:00,1556
2025-07-28T02:38:19.462175+00:00,1556
2025-07-28T04:15:21.791693+00:00,1556
2025-07-28T04:59:09.303920+00:00,1556
2025-07-28T05:46:56.258858+00:00,1556
2025-07-28T06:53:21.712183+00:00,1556
2025-07-28T07:41:18.884166+00:00,1556
2025-07-28T08:48:01.811032+00:00,1556
2025-07-28T09:44:53.655266+00:00,1556
2025-07-28T10:45:19.197362+00:00,1556
2025-07-28T11:33:17.539778+00:00,1556
2025-07-28T13:08:07.979567+00:00,1556
2025-07-28T13:53:28.421802+00:00,1556
2025-07-28T14:44:37.699102+00:00,1556
2025-07-28T15:41:13.932009+00:00,1556
2025-07-28T16:48:39.629034+00:00,1556
2025-07-28T17:40:21.650092+00:00,1556
2025-07-28T18:50:07.489686+00:00,1556
2025-07-28T19:32:30.639399+00:00,1556
2025-07-28T20:41:01.018025+00:00,1556
2025-07-28T21:33:39.951991+00:00,1556
2025-07-28T22:43:03.316285+00:00,1556
2025-07-28T23:38:59.705536+00:00,1556
2025-07-29T02:43:14.135764+00:00,1556
2025-07-29T04:17:05.755017+00:00,1556
2025-07-29T05:00:57.692428+00:00,1556
2025-07-29T05:47:19.584267+00:00,1556
2025-07-29T06:51:45.896109+00:00,1556
2025-07-29T07:40:30.668107+00:00,1556
2025-07-29T08:46:59.899719+00:00,1556
2025-07-29T09:43:51.359472+00:00,1556
2025-07-29T10:44:36.917275+00:00,1556
2025-07-29T11:32:51.046689+00:00,1556
2025-07-29T13:09:11.675681+00:00,1556
2025-07-29T13:53:45.298469+00:00,1556
2025-07-29T14:46:36.319762+00:00,1556
2025-07-29T15:43:00.387839+00:00,1556
2025-07-29T16:47:51.847840+00:00,1556
2025-07-29T17:42:23.482345+00:00,1556
2025-07-29T18:51:04.089466+00:00,1556
2025-07-29T19:34:07.061277+00:00,1556
2025-07-29T20:40:59.820880+00:00,1556
2025-07-29T21:36:36.015223+00:00,1556
2025-07-29T22:41:32.281597+00:00,1556
2025-07-29T23:35:55.392885+00:00,1556
2025-07-30T02:35:04.065528+00:00,1556
2025-07-30T04:13:43.791755+00:00,1556
2025-07-30T04:58:06.273742+00:00,1556
2025-07-30T05:48:21.296209+00:00,1556
2025-07-30T06:53:21.976930+00:00,1556
2025-07-30T07:41:45.817645+00:00,1556
2025-07-30T08:47:25.224415+00:00,1556
2025-07-30T09:45:49.852317+00:00,1556
2025-07-30T10:44:48.652501+00:00,1556
2025-07-30T11:33:10.317751+00:00,1556
2025-07-30T13:08:32.683115+00:00,1556
2025-07-30T13:53:04.523660+00:00,1556
2025-07-30T14:43:44.740684+00:00,1556
2025-07-30T15:41:40.807063+00:00,1556
2025-07-30T16:45:44.915109+00:00,1556
2025-07-30T17:41:07.602455+00:00,1556
2025-07-30T18:49:20.257659+00:00,1556
2025-07-30T19:32:20.216239+00:00,1556
2025-07-30T20:39:30.923808+00:00,1556
2025-07-30T21:36:33.537376+00:00,1556
2025-07-30T22:41:28.249847+00:00,1556
2025-07-30T23:35:22.853955+00:00,1556
2025-07-31T02:34:03.298641+00:00,1557
2025-07-31T04:12:44.282937+00:00,1557
2025-07-31T04:56:14.832796+00:00,1557
2025-07-31T05:46:37.118389+00:00,1557
2025-07-31T06:51:34.608920+00:00,1557
2025-07-31T07:39:29.626329+00:00,1557
2025-07-31T08:47:15.290517+00:00,1557
2025-07-31T09:43:39.497777+00:00,1557
2025-07-31T10:44:51.142158+00:00,1557
2025-07-31T11:32:59.128252+00:00,1557
2025-07-31T13:06:59.866985+00:00,1557
2025-07-31T13:52:17.627821+00:00,1557
2025-07-31T14:43:36.059395+00:00,1557
2025-07-31T15:41:20.049837+00:00,1557
2025-07-31T16:47:19.819107+00:00,1557
2025-07-31T17:40:43.987318+00:00,1557
2025-07-31T18:49:40.054423+00:00,1557
2025-07-31T19:32:10.911972+00:00,1557
2025-07-31T20:40:53.959156+00:00,1557
2025-07-31T21:36:16.575744+00:00,1557
2025-07-31T22:41:12.814432+00:00,1557
2025-07-31T23:35:07.484791+00:00,1557
2025-08-01T02:45:45.753072+00:00,1557
2025-08-01T04:32:55.910562+00:00,1557
2025-08-01T05:49:16.833244+00:00,1557
2025-08-01T06:52:53.420103+00:00,1557
2025-08-01T07:41:25.575839+00:00,1557
2025-08-01T08:46:47.132017+00:00,1557
2025-08-01T09:43:47.921032+00:00,1557
2025-08-01T10:44:39.713955+00:00,1557
2025-08-01T11:33:13.455508+00:00,1557
2025-08-01T13:07:14.246849+00:00,1557
2025-08-01T13:51:07.938121+00:00,1557
2025-08-01T14:43:02.758559+00:00,1557
2025-08-01T15:40:39.241086+00:00,1557
2025-08-01T16:47:28.959999+00:00,1557
2025-08-01T17:41:29.290763+00:00,1557
2025-08-01T18:48:53.394913+00:00,1557
2025-08-01T19:30:08.060164+00:00,1557
2025-08-01T20:40:22.446610+00:00,1557
2025-08-01T21:35:02.536197+00:00,1557
2025-08-01T22:40:56.026494+00:00,1557
2025-08-01T23:35:31.150505+00:00,1557
2025-08-02T02:27:39.161491+00:00,1557
2025-08-02T04:05:35.146115+00:00,1557
2025-08-02T04:51:22.356392+00:00,1557
2025-08-02T05:44:45.914457+00:00,1557
2025-08-02T06:46:44.703431+00:00,1557
2025-08-02T07:32:58.108406+00:00,1557
2025-08-02T08:43:28.856775+00:00,1557
2025-08-02T09:38:06.191966+00:00,1557
2025-08-02T10:41:09.570973+00:00,1557
2025-08-02T11:31:28.954520+00:00,1557
2025-08-02T13:01:49.522835+00:00,1557
2025-08-02T13:43:29.997241+00:00,1557
2025-08-02T14:38:50.055491+00:00,1557
2025-08-02T15:36:21.109633+00:00,1557
2025-08-02T16:44:24.782296+00:00,1557
2025-08-02T17:38:19.354480+00:00,1557
2025-08-02T18:46:36.173722+00:00,1557
2025-08-02T19:30:11.543689+00:00,1557
2025-08-02T20:37:17.404486+00:00,1557
2025-08-02T21:33:25.396458+00:00,1557
2025-08-02T22:39:46.401917+00:00,1557
2025-08-02T23:37:27.298513+00:00,1557
2025-08-03T02:44:18.937171+00:00,1557
2025-08-03T04:27:52.508539+00:00,1557
2025-08-03T05:45:16.301901+00:00,1557
2025-08-03T06:47:31.704049+00:00,1557
2025-08-03T07:33:23.904232+00:00,1557
2025-08-03T08:42:36.570066+00:00,1557
2025-08-03T09:36:53.134776+00:00,1557
2025-08-03T10:41:19.377805+00:00,1557
2025-08-03T11:32:53.192483+00:00,1557
2025-08-03T13:04:25.920192+00:00,1557
2025-08-03T13:45:40.705357+00:00,1557
2025-08-03T14:37:57.837044+00:00,1557
2025-08-03T15:37:36.318272+00:00,1557
2025-08-03T16:44:16.797534+00:00,1557
2025-08-03T17:39:26.905171+00:00,1557
2025-08-03T18:46:43.350913+00:00,1557
2025-08-03T19:30:55.744674+00:00,1557
2025-08-03T20:39:34.724438+00:00,1557
2025-08-03T21:34:31.625234+00:00,1557
2025-08-03T22:40:45.188695+00:00,1557
2025-08-03T23:35:35.255658+00:00,1557
2025-08-04T02:44:08.457958+00:00,1557
2025-08-04T04:34:57.992509+00:00,1557
2025-08-04T05:53:54.208104+00:00,1557
2025-08-04T06:57:17.658499+00:00,1557
2025-08-04T07:44:12.789707+00:00,1557
2025-08-04T08:48:50.808901+00:00,1557
2025-08-04T09:48:51.293273+00:00,1557
2025-08-04T10:46:07.522951+00:00,1557
2025-08-04T11:34:14.349273+00:00,1557
2025-08-04T13:10:23.798929+00:00,1557
2025-08-04T13:54:42.900037+00:00,1557
2025-08-04T14:46:47.261869+00:00,1557
2025-08-04T15:42:36.811799+00:00,1557
2025-08-04T16:49:28.519758+00:00,1557
2025-08-04T17:43:44.134952+00:00,1557
2025-08-04T18:51:02.528459+00:00,1557
2025-08-04T19:34:03.530531+00:00,1557
2025-08-04T20:41:42.348810+00:00,1557
2025-08-04T21:36:57.868119+00:00,1557
2025-08-04T22:42:29.339278+00:00,1557
2025-08-04T23:36:19.748494+00:00,1557
2025-08-05T02:37:17.997661+00:00,1557
2025-08-05T04:17:45.711206+00:00,1557
2025-08-05T05:01:37.684297+00:00,1557
2025-08-05T05:47:52.958814+00:00,1557
2025-08-05T06:53:34.049556+00:00,1557
2025-08-05T07:42:06.142776+00:00,1557
2025-08-05T08:48:26.860354+00:00,1557
2025-08-05T09:45:02.116543+00:00,1557
2025-08-05T10:45:16.407089+00:00,1557
2025-08-05T11:34:31.846896+00:00,1557
2025-08-05T13:09:47.322425+00:00,1557
2025-08-05T13:54:39.290672+00:00,1557
2025-08-05T14:46:29.034754+00:00,1557
2025-08-05T15:41:49.752300+00:00,1557
2025-08-05T16:40:51.086322+00:00,1557
2025-08-05T17:40:51.104148+00:00,1557
2025-08-05T18:52:01.326573+00:00,1557
2025-08-05T19:35:24.597698+00:00,1557
2025-08-05T20:39:37.992198+00:00,1557
2025-08-05T21:36:50.559674+00:00,1557
2025-08-05T22:42:21.078811+00:00,1557
2025-08-05T23:36:46.117682+00:00,1557
2025-08-06T02:35:41.664448+00:00,1557
2025-08-06T04:15:04.918228+00:00,1557
2025-08-06T04:58:57.205650+00:00,1557
2025-08-06T05:49:00.168255+00:00,1557
2025-08-06T06:53:32.785216+00:00,1557
2025-08-06T07:42:09.950674+00:00,1557
2025-08-06T08:47:58.061807+00:00,1557
2025-08-06T09:45:27.582472+00:00,1557
2025-08-06T10:45:06.052700+00:00,1557
2025-08-06T11:34:12.927214+00:00,1557
2025-08-06T13:09:59.655901+00:00,1557
2025-08-06T13:54:46.993005+00:00,1557
2025-08-06T14:46:25.252726+00:00,1557
2025-08-06T15:42:28.735847+00:00,1557
2025-08-06T16:47:43.780338+00:00,1557
2025-08-06T17:42:16.419644+00:00,1557
2025-08-06T18:49:12.419990+00:00,1557
2025-08-06T19:33:34.160235+00:00,1557
2025-08-06T20:40:56.860230+00:00,1557
2025-08-06T21:34:01.670716+00:00,1557
2025-08-06T22:41:43.149869+00:00,1557
2025-08-06T23:36:00.988516+00:00,1557
2025-08-07T02:35:42.973906+00:00,1557
2025-08-07T04:14:51.581248+00:00,1557
2025-08-07T04:58:54.163807+00:00,1557
2025-08-07T05:47:23.019058+00:00,1557
2025-08-07T06:53:05.083830+00:00,1557
2025-08-07T07:41:23.149736+00:00,1557
2025-08-07T08:48:04.356174+00:00,1557
2025-08-07T09:44:14.395787+00:00,1557
2025-08-07T10:44:30.223935+00:00,1557
2025-08-07T11:33:57.158103+00:00,1557
2025-08-07T13:09:31.085488+00:00,1557
2025-08-07T13:53:23.365014+00:00,1557
2025-08-07T14:45:18.042092+00:00,1557
2025-08-07T15:41:51.411746+00:00,1557
2025-08-07T16:46:19.346636+00:00,1557
2025-08-07T17:42:02.584028+00:00,1557
2025-08-07T18:51:30.005591+00:00,1557
2025-08-07T19:31:49.491877+00:00,1557
2025-08-07T20:41:01.872889+00:00,1557
2025-08-07T21:35:18.579400+00:00,1557
2025-08-07T22:42:09.282241+00:00,1557
2025-08-07T23:36:28.262794+00:00,1557
2025-08-08T02:35:26.297307+00:00,1557
2025-08-08T04:14:21.850554+00:00,1557
2025-08-08T04:58:35.785700+00:00,1557
2025-08-08T05:47:08.533171+00:00,1557
2025-08-08T06:53:16.968055+00:00,1557
2025-08-08T07:40:38.405762+00:00,1557
2025-08-08T08:47:15.793251+00:00,1557
2025-08-08T09:44:10.271220+00:00,1557
2025-08-08T10:44:19.461026+00:00,1557
2025-08-08T11:33:43.016037+00:00,1557
2025-08-08T13:07:53.216149+00:00,1557
2025-08-08T13:52:02.754672+00:00,1557
2025-08-08T14:43:24.751556+00:00,1557
2025-08-08T15:40:58.466076+00:00,1557
2025-08-08T16:42:26.933869+00:00,1557
2025-08-08T17:35:17.491296+00:00,1557
2025-08-08T18:46:49.759789+00:00,1557
2025-08-08T19:29:18.888183+00:00,1557
2025-08-08T20:38:44.696324+00:00,1557
2025-08-08T21:33:30.819759+00:00,1557
2025-08-08T22:39:44.269297+00:00,1557
2025-08-08T23:33:23.728564+00:00,1557
2025-08-09T02:22:33.677283+00:00,1557
2025-08-09T04:00:02.697841+00:00,1557
2025-08-09T04:45:17.671691+00:00,1557
2025-08-09T05:39:10.360340+00:00,1557
2025-08-09T06:46:39.869522+00:00,1557
2025-08-09T07:31:47.833263+00:00,1557
2025-08-09T08:42:03.726803+00:00,1557
2025-08-09T09:34:24.756017+00:00,1557
2025-08-09T10:39:46.797463+00:00,1557
2025-08-09T11:30:20.726065+00:00,1557
2025-08-09T13:00:32.153951+00:00,1557
2025-08-09T13:41:48.767255+00:00,1557
2025-08-09T14:37:07.565003+00:00,1557
2025-08-09T15:34:27.345182+00:00,1557
2025-08-09T16:42:42.477437+00:00,1557
2025-08-09T17:34:22.622084+00:00,1557
2025-08-09T18:45:23.680290+00:00,1557
2025-08-09T19:28:39.959085+00:00,1557
2025-08-09T20:36:19.038531+00:00,1557
2025-08-09T21:32:27.014954+00:00,1557
2025-08-09T23:32:50.272573+00:00,1557
2025-08-10T02:39:15.642339+00:00,1557
2025-08-10T04:12:46.387467+00:00,1557
2025-08-10T04:54:05.145415+00:00,1557
2025-08-10T05:42:07.922116+00:00,1557
2025-08-10T06:46:26.069973+00:00,1557
2025-08-10T07:31:54.244676+00:00,1557
2025-08-10T08:41:28.124705+00:00,1557
2025-08-10T09:34:25.564456+00:00,1557
2025-08-10T10:40:32.848842+00:00,1557
2025-08-10T11:30:10.321492+00:00,1557
2025-08-10T13:00:49.312184+00:00,1557
2025-08-10T13:42:30.236360+00:00,1557
2025-08-10T14:37:10.770011+00:00,1557
2025-08-10T15:34:54.478794+00:00,1557
2025-08-10T16:42:34.306212+00:00,1557
2025-08-10T17:33:21.999222+00:00,1557
2025-08-10T18:44:14.033285+00:00,1557
2025-08-10T19:28:37.544703+00:00,1557
2025-08-10T20:36:23.329994+00:00,1557
2025-08-10T21:32:30.531132+00:00,1557
2025-08-10T22:38:29.934577+00:00,1557
2025-08-10T23:32:57.643602+00:00,1557
2025-08-11T02:35:09.624949+00:00,1557
2025-08-11T04:13:56.268477+00:00,1557
2025-08-11T04:57:46.976926+00:00,1557
2025-08-11T05:46:09.178757+00:00,1557
2025-08-11T06:52:23.179506+00:00,1557
2025-08-11T07:40:25.145039+00:00,1557
2025-08-11T08:47:21.035291+00:00,1557
2025-08-11T09:43:00.194170+00:00,1557
2025-08-11T10:43:45.531891+00:00,1557
2025-08-11T11:32:28.646739+00:00,1557
2025-08-11T13:07:06.275386+00:00,1557
2025-08-11T13:51:40.456576+00:00,1557
2025-08-11T14:43:21.730388+00:00,1557
2025-08-11T15:40:07.991514+00:00,1557
2025-08-11T16:46:33.070948+00:00,1557
2025-08-11T17:40:10.888265+00:00,1557
2025-08-11T18:49:39.818795+00:00,1557
2025-08-11T19:31:45.443909+00:00,1557
2025-08-11T20:35:50.548568+00:00,1557
2025-08-11T21:31:53.377221+00:00,1557
2025-08-11T22:38:36.702457+00:00,1557
2025-08-11T23:32:30.954632+00:00,1557
2025-08-12T02:21:31.709019+00:00,1557
2025-08-12T03:58:11.941666+00:00,1557
2025-08-12T04:44:50.872092+00:00,1557
2025-08-12T05:38:27.074415+00:00,1557
2025-08-12T06:48:15.259798+00:00,1557
2025-08-12T07:34:49.220083+00:00,1557
2025-08-12T08:44:28.031795+00:00,1557
2025-08-12T09:38:53.677467+00:00,1557
2025-08-12T10:42:05.806467+00:00,1557
2025-08-12T11:31:31.328360+00:00,1557
2025-08-12T13:03:50.726425+00:00,1557
2025-08-12T13:47:31.819438+00:00,1557
2025-08-12T14:40:54.876831+00:00,1557
2025-08-12T15:39:26.736335+00:00,1557
2025-08-12T16:44:49.967296+00:00,1557
2025-08-12T17:38:14.667635+00:00,1557
2025-08-12T18:47:39.332246+00:00,1557
2025-08-12T19:30:20.781569+00:00,1557
2025-08-12T20:38:30.760739+00:00,1557
2025-08-12T21:33:09.965649+00:00,1557
2025-08-12T22:37:37.887578+00:00,1557
2025-08-12T23:32:52.681366+00:00,1557
2025-08-13T02:23:38.017222+00:00,1557
2025-08-13T04:00:06.694051+00:00,1557
2025-08-13T04:46:10.109862+00:00,1557
2025-08-13T05:39:58.852598+00:00,1557
2025-08-13T06:48:29.315574+00:00,1557
2025-08-13T07:35:24.678791+00:00,1557
2025-08-13T08:45:23.355020+00:00,1557
2025-08-13T09:38:50.234819+00:00,1557
2025-08-13T10:42:20.157088+00:00,1557
2025-08-13T11:31:42.133177+00:00,1557
2025-08-13T13:05:03.398830+00:00,1557
2025-08-13T13:48:52.527754+00:00,1557
2025-08-13T14:41:28.874911+00:00,1557
2025-08-13T15:33:20.371527+00:00,1557
2025-08-13T16:40:20.448749+00:00,1557
2025-08-13T17:32:31.326716+00:00,1557
2025-08-13T18:46:01.376638+00:00,1557
2025-08-13T19:30:14.722841+00:00,1557
2025-08-13T20:37:28.281153+00:00,1557
2025-08-13T21:32:37.963440+00:00,1557
2025-08-13T22:35:34.380273+00:00,1557
2025-08-13T23:32:59.259156+00:00,1557
2025-08-14T02:24:30.939500+00:00,1557
2025-08-14T04:00:43.670590+00:00,1557
2025-08-14T04:46:24.193720+00:00,1557
2025-08-14T05:40:05.156918+00:00,1557
2025-08-14T06:48:44.222897+00:00,1557
2025-08-14T07:34:47.704642+00:00,1557
2025-08-14T08:45:22.673725+00:00,1557
2025-08-14T09:39:29.856488+00:00,1557
2025-08-14T10:42:38.541136+00:00,1557
2025-08-14T11:31:52.755362+00:00,1557
2025-08-14T13:05:43.995865+00:00,1557
2025-08-14T13:48:59.541295+00:00,1557
2025-08-14T14:40:54.622881+00:00,1557
2025-08-14T15:39:18.755157+00:00,1557
2025-08-14T16:44:57.667478+00:00,1557
2025-08-14T17:37:22.468716+00:00,1557
2025-08-14T18:47:57.711109+00:00,1557
2025-08-14T19:27:54.437776+00:00,1557
2025-08-14T20:37:32.655622+00:00,1557
2025-08-14T21:32:51.629641+00:00,1557
2025-08-14T22:37:46.145342+00:00,1557
2025-08-14T23:32:25.631460+00:00,1557
2025-08-15T02:25:19.893558+00:00,1557
2025-08-15T04:01:37.829725+00:00,1557
2025-08-15T04:45:51.982094+00:00,1557
2025-08-15T05:39:56.952604+00:00,1557
2025-08-15T06:48:14.380909+00:00,1557
2025-08-15T07:32:40.879482+00:00,1557
2025-08-15T08:43:22.365591+00:00,1557
2025-08-15T09:36:25.986465+00:00,1557
2025-08-15T10:41:14.075209+00:00,1557
2025-08-15T11:30:31.310595+00:00,1557
2025-08-15T13:01:03.981104+00:00,1557
2025-08-15T13:43:29.675461+00:00,1557
2025-08-15T14:39:07.883629+00:00,1557
2025-08-15T15:36:20.794317+00:00,1557
2025-08-15T16:43:11.763376+00:00,1557
2025-08-15T17:35:32.530019+00:00,1557
2025-08-15T18:46:43.871246+00:00,1557
2025-08-15T19:29:19.060372+00:00,1557
2025-08-15T20:36:17.914508+00:00,1557
2025-08-15T21:30:59.312872+00:00,1557
2025-08-15T22:38:17.347664+00:00,1557
2025-08-15T23:32:44.133344+00:00,1557
2025-08-16T02:19:05.932466+00:00,1557
2025-08-16T03:30:39.871072+00:00,1557
2025-08-16T04:42:11.884087+00:00,1557
2025-08-16T05:36:20.851400+00:00,1557
2025-08-16T06:45:04.029690+00:00,1557
2025-08-16T07:31:01.729723+00:00,1557
2025-08-16T08:41:03.896591+00:00,1557
2025-08-16T09:32:37.528273+00:00,1557
2025-08-16T10:37:33.040918+00:00,1557
2025-08-16T11:28:33.079054+00:00,1557
2025-08-16T12:58:40.790285+00:00,1557
2025-08-16T13:38:41.760605+00:00,1557
2025-08-16T14:33:59.893470+00:00,1557
2025-08-16T15:32:40.977382+00:00,1557
2025-08-16T16:40:26.639379+00:00,1557
2025-08-16T17:32:09.390776+00:00,1557
2025-08-16T18:42:44.831096+00:00,1557
2025-08-16T19:28:19.054391+00:00,1557
2025-08-16T20:33:31.735797+00:00,1557
2025-08-16T21:31:02.031448+00:00,1557
2025-08-16T22:35:30.571034+00:00,1557
2025-08-16T23:31:13.716770+00:00,1557
2025-08-17T02:31:08.260510+00:00,1557
2025-08-17T04:03:50.956998+00:00,1557
2025-08-17T04:47:22.564222+00:00,1557
2025-08-17T05:37:49.652787+00:00,1557
2025-08-17T06:45:58.648344+00:00,1557
2025-08-17T07:31:30.546819+00:00,1557
2025-08-17T08:41:11.919705+00:00,1557
2025-08-17T09:32:49.543104+00:00,1557
2025-08-17T10:38:19.785873+00:00,1557
2025-08-17T11:29:30.676369+00:00,1557
2025-08-17T12:59:11.637327+00:00,1557
2025-08-17T13:40:26.239955+00:00,1557
2025-08-17T14:35:09.536181+00:00,1557
2025-08-17T15:33:12.478623+00:00,1557
2025-08-17T16:41:14.725142+00:00,1557
2025-08-17T17:33:41.166214+00:00,1557
2025-08-17T18:44:15.471928+00:00,1557
2025-08-17T19:28:27.116310+00:00,1557
2025-08-17T20:35:41.045298+00:00,1557
2025-08-17T21:31:46.606675+00:00,1557
2025-08-17T22:37:35.216634+00:00,1557
2025-08-17T23:32:23.926677+00:00,1557
2025-08-18T02:31:43.201309+00:00,1557
2025-08-18T04:09:44.081817+00:00,1557
2025-08-18T04:53:04.776709+00:00,1557
2025-08-18T05:42:22.308989+00:00,1557
2025-08-18T06:50:55.193159+00:00,1557
2025-08-18T07:37:17.290515+00:00,1557
2025-08-18T08:47:25.089937+00:00,1557
2025-08-18T09:41:17.310323+00:00,1557
2025-08-18T10:43:26.813232+00:00,1557
2025-08-18T11:31:55.020167+00:00,1557
2025-08-18T13:05:45.588746+00:00,1557
2025-08-18T13:49:37.841284+00:00,1557
2025-08-18T14:41:46.898487+00:00,1557
2025-08-18T15:39:42.389921+00:00,1557
2025-08-18T16:45:25.121783+00:00,1557
2025-08-18T17:39:01.887010+00:00,1557
2025-08-18T18:47:51.749999+00:00,1557
2025-08-18T19:30:47.264454+00:00,1557
2025-08-18T20:34:25.966994+00:00,1557
2025-08-18T21:31:22.124776+00:00,1557
2025-08-18T22:34:09.858801+00:00,1557
2025-08-18T23:31:40.970092+00:00,1557
2025-08-19T02:16:42.911191+00:00,1557
2025-08-19T03:26:31.685479+00:00,1557
2025-08-19T04:39:52.681792+00:00,1557
2025-08-19T05:35:50.068153+00:00,1557
2025-08-19T06:46:44.959201+00:00,1557
2025-08-19T07:31:52.990965+00:00,1557
2025-08-19T08:43:01.764965+00:00,1557
2025-08-19T09:34:59.709974+00:00,1557
2025-08-19T10:40:09.969163+00:00,1557
2025-08-19T11:30:07.607338+00:00,1557
2025-08-19T12:59:26.409768+00:00,1557
2025-08-19T13:42:25.702226+00:00,1557
2025-08-19T14:39:32.904404+00:00,1557
2025-08-19T15:36:01.693209+00:00,1557
2025-08-19T16:42:36.737361+00:00,1557
2025-08-19T17:33:55.282722+00:00,1557
2025-08-19T18:43:30.227991+00:00,1557
2025-08-19T19:28:09.606668+00:00,1557
2025-08-19T20:32:55.216030+00:00,1557
2025-08-19T21:31:06.205061+00:00,1557
2025-08-19T22:34:52.508217+00:00,1557
2025-08-19T23:31:13.391476+00:00,1557
2025-08-20T02:14:30.446697+00:00,1557
2025-08-20T03:16:54.645950+00:00,1557
2025-08-20T03:49:24.448693+00:00,1557
2025-08-20T04:39:48.614363+00:00,1557
2025-08-20T05:36:41.043230+00:00,1557
2025-08-20T06:47:06.892222+00:00,1557
2025-08-20T07:32:46.875200+00:00,1557
2025-08-20T08:41:38.568965+00:00,1557
2025-08-20T09:35:36.028447+00:00,1557
2025-08-20T10:40:14.960114+00:00,1557
2025-08-20T11:30:06.815082+00:00,1557
2025-08-20T13:01:55.441337+00:00,1557
2025-08-20T13:43:31.967293+00:00,1557
2025-08-20T14:40:10.553756+00:00,1557
2025-08-20T15:36:54.355807+00:00,1557
2025-08-20T16:41:15.836001+00:00,1557
2025-08-20T17:33:33.359647+00:00,1557
2025-08-20T18:45:34.179724+00:00,1557
2025-08-20T19:28:40.964971+00:00,1557
2025-08-20T20:36:26.586921+00:00,1557
2025-08-20T21:31:37.925275+00:00,1557
2025-08-20T22:34:03.158833+00:00,1557
2025-08-20T23:30:56.351797+00:00,1557
2025-08-21T02:13:50.907876+00:00,1557
2025-08-21T03:16:31.868474+00:00,1557
2025-08-21T03:49:00.149672+00:00,1557
2025-08-21T04:40:05.831918+00:00,1557
2025-08-21T05:36:58.979369+00:00,1557
2025-08-21T06:53:58.583577+00:00,1557
2025-08-21T07:33:57.231524+00:00,1557
2025-08-21T08:41:43.714234+00:00,1557
2025-08-21T09:35:49.883682+00:00,1557
2025-08-21T10:39:43.178643+00:00,1557
2025-08-21T11:29:57.503417+00:00,1557
2025-08-21T13:00:22.773854+00:00,1557
2025-08-21T13:42:55.818982+00:00,1557
2025-08-21T14:39:38.654231+00:00,1557
2025-08-21T15:35:43.952989+00:00,1557
2025-08-21T16:42:10.933996+00:00,1557
2025-08-21T17:38:35.385002+00:00,1557
2025-08-21T18:43:07.580464+00:00,1557
2025-08-21T19:28:05.485647+00:00,1557
2025-08-21T20:34:46.445223+00:00,1557
2025-08-21T21:31:12.419884+00:00,1557
2025-08-21T22:36:10.775699+00:00,1557
2025-08-21T23:31:08.274587+00:00,1557
2025-08-22T02:14:50.804917+00:00,1557
2025-08-22T03:17:06.065109+00:00,1557
2025-08-22T03:49:16.406573+00:00,1557
2025-08-22T04:39:10.062483+00:00,1557
2025-08-22T05:35:17.809115+00:00,1557
2025-08-22T06:46:20.133431+00:00,1557
2025-08-22T07:31:05.756834+00:00,1557
2025-08-22T08:41:25.030930+00:00,1557
2025-08-22T09:34:28.401739+00:00,1557
2025-08-22T10:39:28.171306+00:00,1557
2025-08-22T11:29:25.355786+00:00,1557
2025-08-22T12:59:04.311976+00:00,1557
2025-08-22T13:40:54.422584+00:00,1557
2025-08-22T14:36:47.023472+00:00,1557
2025-08-22T15:32:34.095214+00:00,1557
2025-08-22T16:41:31.295787+00:00,1557
2025-08-22T17:33:00.155180+00:00,1557
2025-08-22T18:43:29.027960+00:00,1557
2025-08-22T19:27:58.037330+00:00,1557
2025-08-22T20:34:44.182862+00:00,1557
2025-08-22T21:30:41.729210+00:00,1557
2025-08-22T22:34:22.038377+00:00,1557
2025-08-22T23:30:36.959050+00:00,1557
2025-08-23T02:09:35.736429+00:00,1557
2025-08-23T03:12:33.415095+00:00,1557
2025-08-23T03:45:40.634921+00:00,1557
2025-08-23T04:37:12.800112+00:00,1557
2025-08-23T05:32:55.723274+00:00,1557
2025-08-23T06:42:25.471726+00:00,1557
2025-08-23T07:29:39.683730+00:00,1557
2025-08-23T08:37:48.613106+00:00,1557
2025-08-23T09:31:07.032694+00:00,1557
2025-08-23T10:35:18.759862+00:00,1557
2025-08-23T11:27:44.631682+00:00,1557
2025-08-23T12:55:43.042188+00:00,1557
2025-08-23T13:35:47.172268+00:00,1557
2025-08-23T14:32:53.044708+00:00,1557
2025-08-23T15:30:51.319986+00:00,1557
2025-08-23T16:36:39.651522+00:00,1557
2025-08-23T17:30:28.167394+00:00,1557
2025-08-23T18:40:29.944130+00:00,1557
2025-08-23T19:26:12.974609+00:00,1557
2025-08-23T20:32:21.323550+00:00,1557
2025-08-23T21:29:22.301782+00:00,1557
2025-08-23T22:33:53.190123+00:00,1557
2025-08-23T23:30:43.138224+00:00,1557
2025-08-24T02:25:18.707131+00:00,1557
2025-08-24T03:56:54.518553+00:00,1557
2025-08-24T04:41:59.497736+00:00,1557
2025-08-24T05:34:32.490120+00:00,1557
2025-08-24T06:44:09.282933+00:00,1557
2025-08-24T07:30:10.344578+00:00,1557
2025-08-24T08:36:59.413116+00:00,1557
2025-08-24T09:31:03.796965+00:00,1557
2025-08-24T10:35:14.757822+00:00,1557
2025-08-24T11:27:45.084547+00:00,1557
2025-08-24T12:56:08.564789+00:00,1557
2025-08-24T13:36:36.654967+00:00,1557
2025-08-24T14:33:03.427559+00:00,1557
2025-08-24T15:31:22.808255+00:00,1557
2025-08-24T16:39:04.011975+00:00,1557
2025-08-24T17:31:41.567240+00:00,1557
2025-08-24T18:41:36.026600+00:00,1557
2025-08-24T19:27:04.831513+00:00,1557
2025-08-24T20:33:14.702852+00:00,1557
2025-08-24T21:30:06.441295+00:00,1557
2025-08-24T22:34:38.244756+00:00,1557
2025-08-24T23:31:03.453260+00:00,1557
2025-08-25T02:19:15.458790+00:00,1557
2025-08-25T03:31:57.006854+00:00,1557
2025-08-25T04:43:48.540838+00:00,1557
2025-08-25T05:38:10.174768+00:00,1557
2025-08-25T06:48:04.109310+00:00,1557
2025-08-25T07:32:39.139405+00:00,1557
2025-08-25T08:44:32.113597+00:00,1557
2025-08-25T09:37:14.195288+00:00,1557
2025-08-25T10:40:29.474558+00:00,1557
2025-08-25T11:30:11.995839+00:00,1557
2025-08-25T13:02:17.742824+00:00,1557
2025-08-25T13:43:33.812780+00:00,1557
2025-08-25T14:39:35.501089+00:00,1557
2025-08-25T15:36:29.090400+00:00,1557
2025-08-25T16:42:58.080343+00:00,1557
2025-08-25T17:32:16.515955+00:00,1557
2025-08-25T18:44:59.850999+00:00,1557
2025-08-25T19:28:05.854667+00:00,1557
2025-08-25T20:35:09.344207+00:00,1557
2025-08-25T21:31:25.081309+00:00,1557
2025-08-25T22:35:38.949801+00:00,1557
2025-08-25T23:31:27.765418+00:00,1557
2025-08-26T02:15:19.163833+00:00,1557
2025-08-26T03:17:31.449890+00:00,1557
2025-08-26T03:50:22.909405+00:00,1557
2025-08-26T04:39:49.843402+00:00,1557
2025-08-26T05:36:30.714387+00:00,1557
2025-08-26T06:47:16.260983+00:00,1557
2025-08-26T07:32:15.148132+00:00,1557
2025-08-26T08:43:26.239729+00:00,1557
2025-08-26T09:36:39.491744+00:00,1557
2025-08-26T10:40:13.020094+00:00,1557
2025-08-26T11:30:33.399828+00:00,1557
2025-08-26T13:44:32.580326+00:00,1557
2025-08-26T14:36:20.759476+00:00,1557
2025-08-26T15:34:20.532839+00:00,1557
2025-08-26T16:41:32.061987+00:00,1557
2025-08-26T17:33:00.602098+00:00,1557
2025-08-26T18:43:06.207193+00:00,1557
2025-08-26T19:26:50.343146+00:00,1557
2025-08-26T20:33:39.229277+00:00,1557
2025-08-26T21:30:07.425961+00:00,1557
2025-08-26T22:33:52.822813+00:00,1557
2025-08-26T23:30:08.164525+00:00,1557
2025-08-27T02:10:42.046872+00:00,1557
2025-08-27T03:45:03.374480+00:00,1557
2025-08-27T04:38:06.239039+00:00,1557
2025-08-27T05:33:57.758329+00:00,1557
2025-08-27T07:30:41.428747+00:00,1557
2025-08-27T08:40:55.585947+00:00,1557
2025-08-27T09:33:43.809836+00:00,1557
2025-08-27T10:36:56.158618+00:00,1557
2025-08-27T11:28:34.381081+00:00,1557
2025-08-27T12:59:07.455924+00:00,1557
2025-08-27T13:40:14.641494+00:00,1557
2025-08-27T14:36:47.937906+00:00,1557
2025-08-27T15:33:58.011733+00:00,1557
2025-08-27T16:41:43.387543+00:00,1557
2025-08-27T17:32:38.565285+00:00,1557
2025-08-27T18:41:18.726602+00:00,1557
2025-08-27T19:27:36.717605+00:00,1557
2025-08-27T20:34:04.989722+00:00,1557
2025-08-27T21:30:16.595569+00:00,1557
2025-08-27T22:33:11.233526+00:00,1557
2025-08-27T23:29:48.992754+00:00,1557
2025-08-28T02:09:59.754840+00:00,1557
2025-08-28T03:11:55.245050+00:00,1557
2025-08-28T03:45:29.580813+00:00,1557
2025-08-28T04:37:43.695930+00:00,1557
2025-08-28T05:34:10.169609+00:00,1557
2025-08-28T06:45:26.426984+00:00,1557
2025-08-28T07:31:30.795011+00:00,1557
2025-08-28T08:41:27.442659+00:00,1557
2025-08-28T09:33:11.989967+00:00,1557
2025-08-28T10:38:37.820502+00:00,1557
2025-08-28T11:28:58.553177+00:00,1557
2025-08-28T12:59:09.838598+00:00,1557
2025-08-28T13:41:13.472443+00:00,1557
2025-08-28T14:38:12.913595+00:00,1557
2025-08-28T15:33:40.685394+00:00,1557
2025-08-28T16:41:24.661666+00:00,1557
2025-08-28T17:32:24.507959+00:00,1557
2025-08-28T18:43:29.521575+00:00,1557
2025-08-28T19:27:11.773829+00:00,1557
2025-08-28T20:33:00.733116+00:00,1557
2025-08-28T21:30:28.092100+00:00,1557
2025-08-28T22:32:46.904176+00:00,1557
2025-08-28T23:29:57.403881+00:00,1557
2025-08-29T02:09:58.401170+00:00,1557
2025-08-29T03:11:42.647798+00:00,1557
2025-08-29T03:44:50.615362+00:00,1557
2025-08-29T04:37:52.227924+00:00,1557
2025-08-29T05:33:17.948183+00:00,1557
2025-08-29T06:43:56.819927+00:00,1557
2025-08-29T07:31:23.431681+00:00,1557
2025-08-29T08:40:35.130044+00:00,1557
2025-08-29T09:33:12.155383+00:00,1557
2025-08-29T10:37:11.304436+00:00,1557
2025-08-29T11:28:12.697167+00:00,1557
2025-08-29T12:57:42.721299+00:00,1557
2025-08-29T13:39:21.722134+00:00,1557
2025-08-29T14:35:40.066061+00:00,1557
2025-08-29T16:41:04.852997+00:00,1557
2025-08-29T17:31:39.562262+00:00,1557
2025-08-29T18:40:25.579224+00:00,1557
2025-08-29T19:26:28.536052+00:00,1557
2025-08-29T20:32:28.489348+00:00,1557
2025-08-29T21:29:19.495965+00:00,1557
2025-08-29T22:32:57.405269+00:00,1557
2025-08-29T23:29:44.786607+00:00,1557
2025-08-30T01:59:05.403231+00:00,1557
2025-08-30T03:07:33.149122+00:00,1557
2025-08-30T03:41:34.283672+00:00,1557
2025-08-30T04:35:31.159638+00:00,1557
2025-08-30T05:32:00.168376+00:00,1557
2025-08-30T06:40:20.958968+00:00,1557
2025-08-30T07:28:08.349151+00:00,1557
2025-08-30T08:35:37.788007+00:00,1557
2025-08-30T09:35:07.275902+00:00,1557
2025-08-30T10:33:04.747881+00:00,1557
2025-08-30T11:26:16.309412+00:00,1557
2025-08-30T12:53:15.216604+00:00,1557
2025-08-30T13:32:41.503076+00:00,1557
2025-08-30T14:31:06.598096+00:00,1557
2025-08-30T15:29:36.146134+00:00,1557
2025-08-30T16:36:31.042772+00:00,1557
2025-08-30T17:29:37.592002+00:00,1557
2025-08-30T18:39:32.769370+00:00,1557
2025-08-30T19:25:37.898306+00:00,1557
2025-08-30T20:31:24.332922+00:00,1557
2025-08-30T21:28:36.888148+00:00,1557
2025-08-30T22:32:15.209285+00:00,1557
2025-08-30T23:29:11.189318+00:00,1557
2025-08-31T02:16:12.972113+00:00,1557
2025-08-31T03:15:06.490117+00:00,1557
2025-08-31T03:46:07.990809+00:00,1557
2025-08-31T04:36:03.995419+00:00,1557
2025-08-31T05:32:24.299583+00:00,1557
2025-08-31T06:41:42.746929+00:00,1557
2025-08-31T07:29:01.323181+00:00,1557
2025-08-31T08:35:00.250464+00:00,1557
2025-08-31T09:29:53.762128+00:00,1557
2025-08-31T10:33:10.592315+00:00,1557
2025-08-31T11:26:21.443694+00:00,1557
2025-08-31T12:54:19.424808+00:00,1557
2025-08-31T13:33:28.503015+00:00,1557
2025-08-31T14:31:24.478518+00:00,1557
2025-08-31T15:30:38.332976+00:00,1557
2025-08-31T16:37:08.679447+00:00,1557
2025-08-31T17:30:24.055012+00:00,1557
2025-08-31T18:40:01.780194+00:00,1557
2025-08-31T19:25:50.904341+00:00,1557
2025-08-31T20:31:56.162454+00:00,1557
2025-08-31T21:28:54.439163+00:00,1557
2025-08-31T22:32:57.829677+00:00,1557
2025-08-31T23:29:38.957903+00:00,1557
2025-09-01T02:27:35.127219+00:00,1557
2025-09-01T04:00:42.505682+00:00,1557
2025-09-01T04:43:04.076816+00:00,1557
2025-09-01T05:36:05.824553+00:00,1557
2025-09-01T06:48:05.530317+00:00,1557
2025-09-01T07:31:53.314310+00:00,1557
2025-09-01T08:43:42.161363+00:00,1557
2025-09-01T09:37:53.847129+00:00,1557
2025-09-01T10:40:34.249583+00:00,1557
2025-09-01T11:28:48.086907+00:00,1557
2025-09-01T13:00:22.592571+00:00,1557
2025-09-01T13:41:14.757169+00:00,1557
2025-09-01T14:35:18.839463+00:00,1557
2025-09-01T15:32:27.837107+00:00,1557
2025-09-01T16:39:39.942347+00:00,1557
2025-09-01T17:31:11.823582+00:00,1557
2025-09-01T18:41:32.313661+00:00,1557
2025-09-01T19:26:46.955250+00:00,1557
2025-09-01T20:32:07.349986+00:00,1557
2025-09-01T21:29:08.325794+00:00,1557
2025-09-01T22:33:04.200329+00:00,1557
2025-09-01T23:30:06.330448+00:00,1557
2025-09-02T02:12:42.766007+00:00,1557
2025-09-02T03:15:05.970282+00:00,1557
2025-09-02T03:47:13.482943+00:00,1557
2025-09-02T04:39:09.750692+00:00,1557
2025-09-02T05:35:46.405467+00:00,1557
2025-09-02T06:46:06.433947+00:00,1557
2025-09-02T07:31:53.995409+00:00,1557
2025-09-02T08:41:43.424972+00:00,1557
2025-09-02T09:34:02.757356+00:00,1557
2025-09-02T10:38:59.626928+00:00,1557
2025-09-02T11:29:11.739058+00:00,1557
2025-09-02T13:00:20.155911+00:00,1557
2025-09-02T13:42:09.188044+00:00,1557
2025-09-02T14:39:05.256026+00:00,1557
2025-09-02T15:35:23.530671+00:00,1557
2025-09-02T16:42:03.772021+00:00,1557
2025-09-02T17:31:11.924341+00:00,1557
2025-09-02T18:41:42.781924+00:00,1557
2025-09-02T19:25:54.782799+00:00,1557
2025-09-02T20:31:00.205838+00:00,1557
2025-09-02T21:28:41.287827+00:00,1557
2025-09-02T22:31:28.472628+00:00,1557
2025-09-02T23:27:59.943265+00:00,1557
2025-09-03T03:04:22.946700+00:00,1557
2025-09-03T03:39:51.520548+00:00,1557
2025-09-03T04:36:37.032362+00:00,1557
2025-09-03T05:32:18.779727+00:00,1557
2025-09-03T06:42:26.278954+00:00,1557
2025-09-03T07:30:05.795598+00:00,1557
2025-09-03T08:39:53.087398+00:00,1557
2025-09-03T09:32:48.429146+00:00,1557
2025-09-03T10:35:18.577314+00:00,1557
2025-09-03T11:27:45.114382+00:00,1557
2025-09-03T12:57:30.530949+00:00,1557
2025-09-03T13:38:48.283392+00:00,1557
2025-09-03T14:35:43.223339+00:00,1557
2025-09-03T15:33:15.046147+00:00,1557
2025-09-03T16:40:22.281806+00:00,1557
2025-09-03T17:31:38.327049+00:00,1557
2025-09-03T18:40:11.908960+00:00,1557
2025-09-03T19:27:02.680728+00:00,1557
2025-09-03T20:32:51.428725+00:00,1557
2025-09-03T21:29:12.260645+00:00,1557
2025-09-03T22:31:57.810852+00:00,1557
2025-09-03T23:28:48.906533+00:00,1557
2025-09-04T01:59:10.206601+00:00,1557
2025-09-04T03:05:24.272881+00:00,1557
2025-09-04T03:40:54.549926+00:00,1557
2025-09-04T04:35:57.398635+00:00,1557
2025-09-04T05:32:44.183686+00:00,1557
2025-09-04T06:43:52.684037+00:00,1557
2025-09-04T07:29:39.288923+00:00,1557
2025-09-04T08:40:04.971622+00:00,1557
2025-09-04T09:32:33.289863+00:00,1557
2025-09-04T10:35:32.062350+00:00,1557
2025-09-04T12:55:49.910693+00:00,1557
2025-09-04T13:39:05.735257+00:00,1557
2025-09-04T14:35:49.449463+00:00,1557
2025-09-04T15:33:00.103397+00:00,1557
2025-09-04T16:40:56.837532+00:00,1557
2025-09-04T17:31:10.127248+00:00,1557
2025-09-04T18:41:59.799309+00:00,1557
2025-09-04T19:26:00.710647+00:00,1557
2025-09-04T20:32:10.469254+00:00,1557
2025-09-04T21:29:39.958394+00:00,1557
2025-09-04T22:32:11.983828+00:00,1557
2025-09-04T23:29:12.526519+00:00,1557
2025-09-05T02:02:00.764731+00:00,1557
2025-09-05T03:08:29.470228+00:00,1557
